<?xml version="1.0" encoding="UTF-8"?>
<beans xmlns="http://www.springframework.org/schema/beans"
	xmlns:xsi="http://www.w3.org/2001/XMLSchema-instance"
	xsi:schemaLocation="http://www.springframework.org/schema/beans 
	http://www.springframework.org/schema/beans/spring-beans-3.1.xsd ">
	                 
    <bean id="mailSender" class="org.springframework.mail.javamail.JavaMailSenderImpl">
        <property name="host" value="smtp.163.com" />
        <property name="port" value="25" />
        <property name="username" value="hit180400304@163.com" />
<!--        <property name="password" value="TYYFTTYSOAMPZWWU" />-->
        <property name="password" value="RGEKNYHHUFSCNAGP" />

              
        <property name="javaMailProperties">
             <props>
                 <prop key="mail.smtp.auth">true</prop>
             </props>
        </property> 
    </bean>  
</beans>